type,manager,institution,branch,address1,address2,address3,city
Bank,,ANSA Bank,Chaguanas,1 Endeavour Road,,,CHAGUANAS
Bank,,ANSA Bank,La Romaine,Ground Floor Gulf City Mall,,,LA ROMAINE
Bank,,ANSA Bank,Port of Spain,1st Floor ANSA Centre,11 Maraval Road,,PORT OF SPAIN
Bank,,ANSA Bank,Westmoorings,The Falls West Mall,Western Main Road,,WESTMOORINGS
Bank,,First Citizens Bank,Arima,Corner Hollis Avenue & Woodford Street,,,ARIMA
Bank,,First Citizens Bank,Canaan,Milford Road,Canaan,,TOBAGO
Bank,,First Citizens Bank,Chaguanas,Market Street Extension,,,CHAGUANAS
Bank,,First Citizens Bank,Couva,Corner Noel Street and Southern Main Road,,,COUVA
Bank,,First Citizens Bank,Diego Martin,Ken Valley Circular,West Vale,,DIEGO MARTIN
Bank,,First Citizens Bank,Gulf View,Southern Main Road & Noel Street,Gulf View,,SAN FERNANDO
Bank,,First Citizens Bank,La Romaine,Gulf View,2 South Trunk Road,,LA ROMAINE
Bank,,First Citizens Bank,Main Road Scarborough,11 Main Road,Scarborough,,TOBAGO
Bank,,First Citizens Bank,Marabella,38 Southern Main Road,,,MARABELLA
Bank,,First Citizens Bank,Maraval,44-46 Maraval Road,,,PORT OF SPAIN
Bank,,First Citizens Bank,Montrose,Main Road Montrose,,,CHAGUANAS
Bank,,First Citizens Bank,One Woodbrook Place,One Woodbrook Place,189 Tragarete Road,,PORT OF SPAIN
Bank,,First Citizens Bank,Penal,27 Penal Rock Road,,,PENAL
Bank,,First Citizens Bank,Point Fortin,Southern Main Road,,,POINT FORTIN
Bank,,First Citizens Bank,Point Lisas,Atlantic & Orinoco Drives,Point Lisas Industrial Estate,,POINT LISAS
Bank,,First Citizens Bank,Port of Spain Independence Sq,62 Independence Square North,,,PORT OF SPAIN
Bank,,First Citizens Bank,Port of Spain Park Street,Corner Park & Henry Street,,,PORT OF SPAIN
Bank,,First Citizens Bank,Princes Town,Naparima Mayaro Road,,,PRINCES TOWN
Bank,,First Citizens Bank,San Fernando,Corner High & Penitence Street,,,SAN FERNANDO
Bank,,First Citizens Bank,San Juan,23-27 Eastern Main Road,,,SAN JUAN
Bank,,First Citizens Bank,Sangre Grande,Eastern Main Road,,,SANGRE GRANDE
Bank,,First Citizens Bank,Scarborough,Carrington Street,Scarborough,,TOBAGO
Bank,,First Citizens Bank,Siparia,2 High Street,,,SIPARIA
Bank,,First Citizens Bank,St. James,Western Main Road,,,ST. JAMES
Bank,,First Citizens Bank,Tunapuna,Eastern Main Road,,,TUNAPUNA
Bank,,First Citizens Brokerage and Advisory Services Ltd.,,17 Wainwright Street,,,PORT OF SPAIN
Bank,,First Citizens Corporate Office,,9 Queen’s Park E,,,PORT OF SPAIN
Bank,,JMMB Express Finance,Arima Branch,8 Prince Street,,,ARIMA
Bank,,JMMB Express Finance,Port of Spain Branch,130 Charlotte Street,,,PORT OF SPAIN
Bank,,JMMB Express Finance,San Fernando Branch,65 Cipero Street,,,SAN FERNANDO
Bank,,JMMB Express Finance,San Fernando Branch,SouthPark,Tarouba Link Road,,SAN FERNANDO
Bank,,JMMB Group Finance,Princes Town,Princes Town Mall,High Street,,PRINCES TOWN
Bank,,JMMB Group Limited,Ariapita,68 Ariapita Avenue,,,PORT OF SPAIN
Bank,,JMMB Group Limited,Chaguanas,DSM Plaza,Old Southern Main Road,,CHAGUANAS
Bank,,JMMB Group Limited,Port of Spain,Tragarete Road,,,PORT OF SPAIN
Bank,,JMMB Group Limited,Tobago,Fort Knott Court,Scarborough,,TOBAGO
Bank,,JMMB Group Limited,Tunapuna Branch,30-32 Eastern Main Road,,,TUNAPUNA
Bank,,RBC Royal Bank,Arima,Corner Pro Queen & De Verteuil Streets,,,ARIMA
Bank,,RBC Royal Bank,Chaguanas,Royal Plaza,Main Road,,CHAGUANAS
Bank,,RBC Royal Bank,Couva,Corner Southern Main Road,,,COUVA
Bank,,RBC Royal Bank,Couva Shopping Complex,Couva Shopping Complex,Southern Main Road,,COUVA
Bank,,RBC Royal Bank,La Romaine,Gulf City Mall,Gulf View Link Road,,LA ROMAINE
Bank,,RBC Royal Bank,Marabella,Southern Main Road,,,MARABELLA
Bank,,RBC Royal Bank,Point Fortin,Main Road,,,POINT FORTIN
Bank,,RBC Royal Bank,Port of Spain,Independence Square North,,,PORT OF SPAIN
Bank,,RBC Royal Bank,Princes Town,2-4 Edward Street,Naparima Mayaro Rd,,PRINCES TOWN
Bank,,RBC Royal Bank,San Fernando,11 High Street,,,SAN FERNANDO
Bank,,RBC Royal Bank,St. Augustine,St. Augustine Shopping Center,Eastern Main Road,,ST. AUGUSTINE
Bank,,RBC Royal Bank,St. Clair,7 St. Clair Avenue,,,PORT OF SPAIN
Bank,,RBC Royal Bank,Tobago,8 Burnett Street,Scarborough,,TOBAGO
Bank,,RBC Royal Bank,Trincity,Central Rd,,,TRINCITY
Bank,,RBC Royal Bank,Westmoorings,West Mall,Chamber of Commerce Building,Columbus Circle,WESTMOORINGS
Bank,,Republic Bank Credit Card Centre,,87 Cipriani Blvd,,,PORT OF SPAIN
Bank,,Republic Bank Limited,Arima,20-22 Broadway,,,ARIMA
Bank,,Republic Bank Limited,"Auchenskeoch, Tobago",Auchenskeoch Buccoo Bay Road,,,TOBAGO
Bank,,Republic Bank Limited,Chaguanas,Centre City,Main Road,,CHAGUANAS
Bank,,Republic Bank Limited,"Cipero Street, San Fernando",Cipero Street,,,SAN FERNANDO
Bank,,Republic Bank Limited,Couva,Southern Main Road,,,COUVA
Bank,,Republic Bank Limited,Crown Point Agency,Unit 2 Pelican Plaza,Crown Point Diversion Road,"Milford Estate, Crown Point",TOBAGO
Bank,,Republic Bank Limited,Diego Martin,Starlite Shopping Plaza,,,DIEGO MARTIN
Bank,,Republic Bank Limited,Fyzabad,Main Road,Guapo Road,,FYZABAD
Bank,,Republic Bank Limited,Glencoe,Highland Plaza,Western Main Road,,GLENCOE
Bank,,Republic Bank Limited,Grand Bazaar,The City of Grand Bazaar,,,VALSAYN
Bank,,Republic Bank Limited,Gulf View,3 South Trunk Road,La Romaine,,GULF VIEW
Bank,,Republic Bank Limited,"Harris Promenade, San Fernando",Harris Promenade,,,SAN FERNANDO
Bank,,Republic Bank Limited,"High Street, San Fernando",10-16 High Street,,,SAN FERNANDO
Bank,,Republic Bank Limited,Hilton Agency,Hilton Trinidad & Conference Centre,Lady Young Road,,PORT OF SPAIN
Bank,,Republic Bank Limited,Independence Square,59 Independence Square,,,PORT OF SPAIN
Bank,,Republic Bank Limited,Long Circular Mall,Long Circular Mall,Patna Street,,ST. JAMES
Bank,,Republic Bank Limited,"Main Street, Tobago",Main Street,Scarborough,,TOBAGO
Bank,,Republic Bank Limited,Marabella,182 Southern Main Road,,,MARABELLA
Bank,,Republic Bank Limited,Maraval,Shop 72 Ellerslie Plaza,,,MARAVAL
Bank,,Republic Bank Limited,Mayaro,Naparima Mayaro Road & Peter Hall Trace,,,MAYARO
Bank,,Republic Bank Limited,Park Court,Park Court,19-21 Park Street,,PORT OF SPAIN
Bank,,Republic Bank Limited,Park Street,9-11 Park Street,,,PORT OF SPAIN
Bank,,Republic Bank Limited,Penal,Siparia Erin Road,,,PENAL
Bank,,Republic Bank Limited,Point Fortin,12-14 Techier Road,,,POINT FORTIN
Bank,,Republic Bank Limited,Point Lisas,Atlantic Plaza,,,POINT LISAS
Bank,,Republic Bank Limited,Princes Town,Tramline Street,,,PRINCES TOWN
Bank,,Republic Bank Limited,Promenade Centre,72 Independence Square,,,PORT OF SPAIN
Bank,,Republic Bank Limited,Rio Claro,2492 Naparima Mayaro Road,High Street,,RIO CLARO
Bank,,Republic Bank Limited,San Juan,Corner Eastern Main Road & First Avenue,,,SAN JUAN
Bank,,Republic Bank Limited,Sangre Grande,Eastern Main Road,,,SANGRE GRANDE
Bank,,Republic Bank Limited,Shops of Arima,Shops of Arima,,,ARIMA
Bank,,Republic Bank Limited,Siparia,S.S Erin Road,,,SIPARIA
Bank,,Republic Bank Limited,South Park,Lot 3 Michael Rahael Boulevard,South Park,,TAROUBA
Bank,,Republic Bank Limited,St. Augustine,Corner Agostini Street and Tunnel Drive,,,ST. AUGUSTINE
Bank,,Republic Bank Limited,Tragarete Road,58-60 Tragarete Road,,,PORT OF SPAIN
Bank,,Republic Bank Limited,Trincity,13 & 15 Sunrise Corporate Park,Trincity Central Road,,TRINCITY
Bank,,Republic Bank Limited,Tunapuna,56 Eastern Main Road,,,TUNAPUNA
Bank,,Republic Bank Limited,Valsayn,Valpark Shopping Plaza,,,VALSAYN
Bank,,Republic Bank Limited,Westmoorings,West Mall,The Falls at West Mall,,WESTMOORINGS
Bank,,Republic Bank Limited,Woodbrook,Corner Ariapita Avenue and Murray Street,,,WOODBROOK
Bank,,Scotiabank,Arima,5 Hollis Avenue,,,ARIMA
Bank,,Scotiabank,Chaguanas,Main Road,,,CHAGUANAS
Bank,,Scotiabank,Couva,Southern Main Road,,,COUVA
Bank,,Scotiabank,Cunupia,Southern Main Road,,,CUNUPIA
Bank,,Scotiabank,Diego Martin,Starlite Shopping Plaza,Diego Martin Main Road,,DIEGO MARTIN
Bank,,Scotiabank,Lowlands Tobago,Lowlands Mall,Gulf City Blvd,Lowlands,TOBAGO
Bank,,Scotiabank,Marabella,Allum Shopping Centre,Southern Main Road,,MARABELLA
Bank,,Scotiabank,Maraval,Ellerslie Plaza,Saddle Road,,PORT OF SPAIN
Bank,,Scotiabank,Milford Road Tobago,Milford Road,,,TOBAGO
Bank,,Scotiabank,Penal,4 Penal Junction,,,PENAL
Bank,,Scotiabank,Point Fortin,Main Road,,,POINT FORTIN
Bank,,Scotiabank,POS Independence Square,Independence Square,,,PORT OF SPAIN
Bank,,Scotiabank,POS Richmond Street,56-58 Richmond Street,,,PORT OF SPAIN
Bank,,Scotiabank,Price Plaza,Price Plaza,Endeavour Road,,CHAGUANAS
Bank,,Scotiabank,Princes Town,High Street,,,PRINCES TOWN
Bank,,Scotiabank,Rio Claro,Naparima Mayaro Road,,,RIO CLARO
Bank,,Scotiabank,San Fernando,High Street,,,SAN FERNANDO
Bank,,Scotiabank,San Juan,Eastern Main Road,,,SAN JUAN
Bank,,Scotiabank,Sangre Grande,Eastern Main Road,,,SANGRE GRANDE
Bank,,Scotiabank,St. Augustine,Eastern Main Road,,,ST. AUGUSTINE
Bank,,Scotiabank,Trincity Mall,Trincity Mall,Western Car Park,Central Road,TRINCITY
Bank,,Scotiabank,Tunapuna,Corner St. John Road & Eastern Main Road,,,TUNAPUNA
Bank,,Trinidad and Tobago Mortgage Bank,Arima,22A King Street,,,ARIMA
Bank,,Trinidad and Tobago Mortgage Bank,Chaguanas,16 Southern Main Road,Edinburgh,,CHAGUANAS
Bank,,Trinidad and Tobago Mortgage Bank,Port of Spain,Albion Court,#61 Dundonald Street,,PORT OF SPAIN
Bank,,Trinidad and Tobago Mortgage Bank,San Fernando,52 Royal Road,,,SAN FERNANDO
Bank,,Trinidad and Tobago Mortgage Bank,Tobago,Corner of Jerningham & Ross Streets,,,UPPER SCARBOROUGH
Car Places,,Anderson Williams Motors LTD,,#128 Coral Drive,,,SAN FERNANDO
Car Places,,ANSA Motors,Chaguanas,Corner Chan Ramlal and Uriah Butler Highway,,,CHAGUANAS
Car Places,,ANSA Motors,Port of Spain,Richmond Street,,,PORT OF SPAIN
Car Places,,ANSA Motors,San Fernando,20 Royal Road,,,SAN FERNANDO
Car Places,,ANSA Motors,Tobago,Main Road Canaan,Bon Accord,,TOBAGO
Car Places,,D&D Auto World Limited,,15 Southern Main Road,St. Mary’s Village,,FREEPORT
Car Places,,FT Car Services,,Pro Queen Street,,,ARIMA
Car Places,,Life Style Motors,,Bhagoutie Trace,,,SAN JUAN
Car Places,,Massy Motors,Morvant,Lady Young Road,,,MORVANT
Car Places,,Massy Motors,Port of Spain,Corner Richmond Street and Tragarete Road,,,PORT OF SPAIN
Car Places,,Massy Motors,San Fernando,94-98 Cipero Street,,,SAN FERNANDO
Car Places,,Massy Motors,Tobago,Northside Road,,,TOBAGO
Car Places,,Rent to Own,Barataria,Off Uquire Road,Uquire Road,Lot A Road Reserve,FREEPORT
Car Places,,Ro-Ro Importers,,303 Southern Main Road,,,CUNUPIA
Car Places,,TOYOTA Motors,San Fernando,124-136 Seventh Street,,,BARATARIA
Credit Union,,Aero Services Credit Union,,Corner Orange Groove Road,,,TACARIGUA
Credit Union,,Agricola Credit Union,Arima,32 Pro Queen Street,,,ARIMA
Credit Union,,Agricola Credit Union,Marabella,Pamela’s Mall,14 Premier Street,Gopaul Lands,MARABELLA
Credit Union,,Agricola Credit Union,Port of Spain,20 Phillip Street,,,PORT OF SPAIN
Credit Union,,Agricultural Development Bank,Chaguanas,29 Ramsaran Street,,,CHAGUANAS
Credit Union,,Agricultural Development Bank,Port of Spain,87 Henry Street,,,PORT OF SPAIN
Credit Union,,Agricultural Development Bank,San Fernando,8-10 Gordon Street (North),,,SAN FERNANDO
Credit Union,,Agricultural Development Bank,Sangre Grande,149-157 Eastern Main Road,,,SANGRE GRANDE
Credit Union,,Agricultural Development Bank,,87 Henry Street,,,PORT OF SPAIN
Credit Union,,AMGECU Credit Union,,Corner Austin & Eastern Main Road,,,ST. JOSEPH
Credit Union,,Angostura Group Employee’s Credit Union (AMGECU),,Angostura Street,Eastern Main Road,,LAVENTILLE
Credit Union,,Antilles Credit Union,,Bushy Park Vessigny,,,LA BREA
Credit Union,,Bank and General Workers Union,,27A Borde Street,,,PORT OF SPAIN
Credit Union,,Canning’s Employees’ Credit Union,,10 Victoria Avenue,,,PORT OF SPAIN
Credit Union,,Caribbean Finance Company Limited,Port of Spain,17-19 Tragarete Road,,,PORT OF SPAIN
Credit Union,,Caribbean Finance Company Limited,San Fernando,27-31 Cipero Road,,,SAN FERNANDO
Credit Union,,Carilend Caribbean Holding Ltd,,"Level 2, Invaders Bay Tower",Off Audrey Jeffers Highway,,PORT OF SPAIN
Credit Union,,Cathedral Credit Union,,113 Edward Street,,,PORT OF SPAIN
Credit Union,,CECU Credit Union,,10 Victoria Avenue,,,PORT OF SPAIN
Credit Union,,CEMCU Credit Union,,94 Southern Main Road,Plaisance Park,,POINT-A-PIERRE
Credit Union,,CLICO Credit Union Co-operative Society Limited,Piarco,Unit #6 Piarco Plaza,,,PIARCO
Credit Union,,CLICO Credit Union Co-operative Society Limited,Port of Spain,33 Edward Street,,,PORT OF SPAIN
Credit Union,,Community Care Credit Union,,Bushe Street and Southern Main Road,,,CUREPE
Credit Union,,COPOS Credit Union,Arima,79 Pro Queen Street,,,ARIMA
Credit Union,,COPOS Credit Union,Port of Spain,36 Pembroke Street,,,PORT OF SPAIN
Credit Union,,Criminal Injuries Compensation Board,,52-60 Abercromby Street,,,PORT OF SPAIN
Credit Union,,E Finance & Development,San Fernando,Cipero Street,,,SAN FERNANDO
Credit Union,,E Finance & Development,San Juan,17 Bhagoutie Trace,,,SAN JUAN
Credit Union,,Eastern Credit Union,Arima,44-46 Sorzano Street,,,ARIMA
Credit Union,,Eastern Credit Union,Chaguanas,Ramsaran Street,,,CHAGUANAS
Credit Union,,Eastern Credit Union,Port of Spain,Park Street,,,PORT OF SPAIN
Credit Union,,Eastern Credit Union,San Fernando,St. James Street,,,SAN FERNANDO
Credit Union,,Eastern Credit Union,Sangre Grande,5 Eastern Main Road,,,SANGRE GRANDE
Credit Union,,Eastern Credit Union,St. Joseph,La Joya Complex,Eastern Main Road,,ST. JOSEPH
Credit Union,,Eastern Credit Union,Tunapuna,133 Eastern Main Road,,,TUNAPUNA
Credit Union,,GPCU Credit Union Co-operative Society Limited,,9 Borde Street,,,PORT OF SPAIN
Credit Union,,Island Finance Trinidad and Tobago,Arima,Green Street,,,ARIMA
Credit Union,,Island Finance Trinidad and Tobago,Chaguanas,Southern Main Road,,,CHAGUANAS
Credit Union,,Island Finance Trinidad and Tobago,Couva,Southern Main Road,,,COUVA
Credit Union,,Island Finance Trinidad and Tobago,Curepe,41 Eastern Main Road,,,CUREPE
Credit Union,,Island Finance Trinidad and Tobago,Debe,SS Erin Road,,,DEBE
Credit Union,,Island Finance Trinidad and Tobago,Diego Martin,West Bees Plaza,Main Road,,DIEGO MARTIN
Credit Union,,Island Finance Trinidad and Tobago,Gasparillo,21 Bonne Aventure Road,,,GASPARILLO
Credit Union,,Island Finance Trinidad and Tobago,Point Fortin,#45 Main Road,,,POINT FORTIN
Credit Union,,Island Finance Trinidad and Tobago,Port of Spain,St Vincent Street,,,PORT OF SPAIN
Credit Union,,Island Finance Trinidad and Tobago,Princes Town,High Street,,,PRINCES TOWN
Credit Union,,Island Finance Trinidad and Tobago,Rio Claro,Naparima Mayaro Road,,,RIO CLARO
Credit Union,,Island Finance Trinidad and Tobago,San Fernando,Cipero Street,,,SAN FERNANDO
Credit Union,,Island Finance Trinidad and Tobago,San Juan,Eastern Main Road,,,SAN JUAN
Credit Union,,Island Finance Trinidad and Tobago,Sangre Grande,Eastern Main Road,,,SANGRE GRANDE
Credit Union,,Island Finance Trinidad and Tobago,Siparia,High Street,,,SIPARIA
Credit Union,,Island Finance Trinidad and Tobago,St.James,159A Western Main Road,,,ST. JAMES
Credit Union,,Island Finance Trinidad and Tobago,Tunapuna,41 Eastern Main Road,,,TUNAPUNA
Credit Union,,Massy Finance GFC,,15-17 Keate Street,,,PORT OF SPAIN
Credit Union,,Micro Finance Limited,,112 Robert Street,,,WOODBROOK
Credit Union,,NCB Merchant Bank,,6th Floor Newtown Centre,30-36 Maraval Road Newton,,PORT OF SPAIN
Credit Union,,Neal & Massy Credit Union,,15 Borde Street,,,PORT OF SPAIN
Credit Union,,Palo Seco Credit Union,,S.S Erin Main Road,,,PALO SECO
Credit Union,,PECU Credit Union,,50 Park Street,,,PORT OF SPAIN
Credit Union,,Pentecostal Credit Union Cooperative Society,,56 Bhagna Trace,,,CHAGUANAS
Credit Union,,Port Employees Credit Union,,50 Park Street,,,PORT OF SPAIN
Credit Union,,Progressive Credit Union,,80 Second Street,,,SAN JUAN
Credit Union,,PSCU Credit Union,Arima,16 Cocorite Road,,,ARIMA
Credit Union,,PSCU Credit Union,Port of Spain,#24 Sackville Street,,,PORT OF SPAIN
Credit Union,,PSCU Credit Union,San Fernando,27 Naparima Mayaro Road,Cocoyea,,SAN FERNANDO
Credit Union,,Public Service Credit Union Co-operative Society Limited,Arima,#16 Cocorite Road,,,ARIMA
Credit Union,,Public Service Credit Union Co-operative Society Limited,Cocoyea,8A Naparima Mayaro Road,,,COCOYEA
Credit Union,,Public Service Credit Union Co-operative Society Limited,Port of Spain,#24 Sackville Street,,,PORT OF SPAIN
Credit Union,,Public Service Credit Union Co-operative Society Limited,Tobago,TLH Building,Milford Road,,SCARBOROUGH
Credit Union,,RHAND Credit Union,Arima,Pro Queen Street,,,ARIMA
Credit Union,,RHAND Credit Union,Port of Spain,57 Abercromby Street,,,PORT OF SPAIN
Credit Union,,RHAND Credit Union,Tobago,Sangster’s Hill Mall,Scarborough,,TOBAGO
Credit Union,,SECU Credit Union,Chaguanas,101 Southern Main Road,,,CHAGUANAS
Credit Union,,SECU Credit Union,Couva,101 Southern Main Road,,,COUVA
Credit Union,,SECU Credit Union,Princes Town,95 High Street,,,PRINCES TOWN
Credit Union,,SECU Credit Union,Tobago,19 Dutch Fort Apt 11,Scarborough,,TOBAGO
Credit Union,,SERVOL Credit Union,,91 Frederick Street,,,PORT OF SPAIN
Credit Union,,SFCCU Credit Union,"Irving Street, San Fernando",16 Irving Street,,,SAN FERNANDO
Credit Union,,SFCCU Credit Union,"Montano Plaza, San Fernando",Shop #7 Montano Plaza,High Street,,SAN FERNANDO
Credit Union,,SFCCU Credit Union,Siparia,15 George Street,,,SIPARIA
Credit Union,,St Stephen Credit Union,,Naparima Mayaro Road,,,PRINCES TOWN
Credit Union,,Swift Loans Services,,1 Rush Street,,,PORT OF SPAIN
Credit Union,,Tateco Credit Union,,85 Fifth Street,,,SAN JUAN
Credit Union,,TECU Credit Union,Couva,Southern Main Road,,,COUVA
Credit Union,,TECU Credit Union,Point Fortin,28 Guapo Cap-de-Ville Road,,,POINT FORTIN
Credit Union,,TECU Credit Union,San Fernando,TECU House,Southern Main Road,,SAN FERNANDO
Credit Union,,Telephone Credit Union TWCU,,Henry Street,,,PORT OF SPAIN
Credit Union,,Term Finance,,1st Floor,CIBC Financial Centre,74 Long Circular Road,MARAVAL
Credit Union,,Tranquility Credit Union,,5 Maraval Road Newton,,,PORT OF SPAIN
Credit Union,,Trinidad and Tobago Fire Service Credit Union,Arima,Corner Quesnel and Nelson Street,,,ARIMA
Credit Union,,Trinidad and Tobago Fire Service Credit Union,Port of Spain,5-7 Mc Donald Street,,,PORT OF SPAIN
Credit Union,,Trinidad and Tobago Fire Service Credit Union,San Fernando,73A Rushworth Street,,,SAN FERNANDO
Credit Union,,Trinidad and Tobago Fire Service Credit Union,Tobago,Northside Road,Scarborough,,TOBAGO
Credit Union,,Trinidad and Tobago Police Credit Union,Arima,12-13 Green Street,,,ARIMA
Credit Union,,Trinidad and Tobago Police Credit Union,Barataria,33-35 Eastern Main Road,,,BARATARIA
Credit Union,,Trinidad and Tobago Police Credit Union,San Fernando,17-19 Irving Street,,,SAN FERNANDO
Credit Union,,Trinidad and Tobago Police Credit Union,Tobago,Mt Marie Road,Scarborough,,TOBAGO
Credit Union,,Unit Trust Corporation,Arima,44 Green Street,,,ARIMA
Credit Union,,Unit Trust Corporation,Chaguanas,26-28 Endeavour Road,,,CHAGUANAS
Credit Union,,Unit Trust Corporation,Couva,26 Southern Main Road,,,COUVA
Credit Union,,Unit Trust Corporation,Head Office,82 Independence Square,,,PORT OF SPAIN
Credit Union,,Unit Trust Corporation,One Woodbrook Place,Unit 27,One Woodbrook Place,189 Tragarete Road,PORT OF SPAIN
Credit Union,,Unit Trust Corporation,Point Fortin,13 Handel Road,,,POINT FORTIN
Credit Union,,Unit Trust Corporation,Port of Spain,UTC Financial Centre,82 Independence Square,,PORT OF SPAIN
Credit Union,,Unit Trust Corporation,San Fernando,Carlton Centre,55A St. James Street,,SAN FERNANDO
Credit Union,,Unit Trust Corporation,Sangre Grande,"Unit #2, Xtra Plaza",Eastern Main Road,Guaico,SANGRE GRANDE
Credit Union,,Unit Trust Corporation,Tobago,"Corner, Main & Castries Street",Scarborough,,TOBAGO
Credit Union,,Unit Trust Corporation,Trincity,Level 2 Trincity Mall,,,TRINCITY
Credit Union,,UWI Credit Union Co-operative Society Limited,,118 Eastern Main Road,,,ST. AUGUSTINE
Credit Union,,Venture Credit Union,Arouca,233 Eastern Main Road,,,AROUCA
Credit Union,,Venture Credit Union,Couva,2 Noel Street North,,,COUVA
Credit Union,,Venture Credit Union,San Fernando,63 Rushworth Street,,,SAN FERNANDO
Credit Union,,Works Credit Union,Arima,O’Meara Road,,,ARIMA
Credit Union,,Works Credit Union,Port of Spain,8-10 Dundonald Street,,,PORT OF SPAIN
Credit Union,,Works Credit Union,San Fernando,8 Todd Street,,,SAN FERNANDO
Credit Union,,Works Credit Union,Trincity,East Gates Mall,Trincity Central Road North,,TRINCITY
Embassy,,Embassy of Japan in Trinidad and Tobago,,5 Hayes Street,St. Clair,,PORT OF SPAIN
Embassy,,Embassy of the Federal Republic of Germany,,19 St. Clair Avenue,St. Clair,,PORT-OF-SPAIN
Embassy,,Embassy of the Kingdom of Spain,,"7th Floor, TATIL Building",11 Maraval Road,St. Clair,NEWTOWN 190131
Embassy,The Visa Officer,British High Commission,,UK Embassy,#19 St. Clair Avenue,,PORT OF SPAIN
Embassy,The Visa Officer,Embassy of the United States of America,,Marli Street,#15 Queen’s Park West,,PORT OF SPAIN
Embassy,The Visa Officer,High Commission of Australia,,#18 Herbert Street,,,WOODBROOK
Embassy,The Visa Officer,High Commission of Canada,,Maple House,3-3A Sweet Briar Road,,PORT OF SPAIN
Furniture Stores,,Ashley Furniture,,Corner of Narsaloo Ramaya & Bilijah Road,Endeavour,,CHAGUANAS
Furniture Stores,,Ashley’s Furniture Store,,Corner Narsaloo Ramaya & Blijah Road,Endeavour,,CHAGUANAS
Furniture Stores,,Courts,"High Street, Princes Town",High Street,,,PRINCES TOWN
Furniture Stores,,Courts,"JD's, Princes Town",JD’s Supercentre ,10 Tramline Road,,PRINCES TOWN
Furniture Stores,,Courts,Point Fortin,298 Main Road,,,POINT FORTIN
Furniture Stores,,Courts,Port of Spain,31 Frederick Street,,,PORT OF SPAIN
Furniture Stores,,Courts,San Fernando,Lot #2 South Park,Tarouba North Link Road,,SAN FERNANDO
Furniture Stores,,Courts,Siparia,27 High Street,,,SIPARIA
Furniture Stores,,Courts Furniture Store,,Chacon Street,,,PORT OF SPAIN
Furniture Stores,,Courts Ltd,Arima,Ridgewood Plaza,Eastern Main Road,,ARIMA
Furniture Stores,,Courts Ltd,"High Street, San Fernando",Corner Harris and High Street,,,SAN FERNANDO
Furniture Stores,,Courts Ltd,"Michael Raphael Blvd, San Fernando",Michael Raphael Blvd,,,SAN FERNANDO
Furniture Stores,,Courts Ltd,Penal,SS Erin Road,,,PENAL
Furniture Stores,,Courts Ltd,Rio Claro,813 Naparima,Mayaro Road,,RIO CLARO
Furniture Stores,,Courts Ltd,Sangre Grande,Eastern Main Road,,,SANGRE GRANDE
Furniture Stores,,Courts Ltd,St. James,3 Long Circular Road,,,ST. JAMES
Furniture Stores,,Courts Mega Store,,Churchill Roosevelt Highway,,,SAN JUAN
Furniture Stores,,Furniture Plus Ltd.,Arima,Shops of Arima,Tumpuna Road,,ARIMA
Furniture Stores,,Furniture Plus Ltd.,Chaguanas,Main Road,Montrose,,CHAGUANAS
Furniture Stores,,Furniture Plus Ltd.,Point Fortin,3 Guapo Cap de Ville Road,,,POINT FORTIN
Furniture Stores,,Furniture Plus Ltd.,Port of Spain,Henry Street,,,PORT OF SPAIN
Furniture Stores,,Furniture Plus Ltd.,San Juan,Chanka Trace,,,SAN JUAN
Furniture Stores,,Furniture Plus Ltd.,Tunapuna,137 Eastern Main Road,,,TUNAPUNA
Furniture Stores,,G3 Hardware & Home Centre Limited,,Lot 44 & 35,Tumpuna Road (South),,ARIMA
Furniture Stores,,Standard Distributors Limited,Arima,Prince Street,,,ARIMA
Furniture Stores,,Standard Distributors Limited,Chaguanas,ANSA Mc Cal Centre,Endeavour Road,,CHAGUANAS
Furniture Stores,,Standard Distributors Limited,Grand Bazaar,Corner Uriah Butler Highway,& Churchill Roosevelt Highway,,GRAND BAZAAR
Furniture Stores,,Standard Distributors Limited,Mt. Hope,1 Service Road & Eastern Main Road,Champ Fleurs,,MT. HOPE
Furniture Stores,,Standard Distributors Limited,"Pennywise Plaza, Chaguanas",Pennywise Plaza,,,CHAGUANAS
Furniture Stores,,Standard Distributors Limited,Princes Town,High Street,,,PRINCES TOWN
Furniture Stores,,Standard Distributors Limited,San Fernando,167 Coffee Street,,,SAN FERNANDO
Furniture Stores,,Standard Distributors Limited,St. James,Corner Western Main Road,and Calcutta Street,,ST. JAMES
Furniture Stores,,UNICOMER (Trinidad) Limited,,"No. 1, Calcutta Settlement Road #1",,,FREEPORT
Furniture Stores,,Unique Furniture & Appliances Store Limited,,16 Market Street,,,MARABELLA
Gov't Ministries,,Inland Revenue Division,Chaguanas,37 Ramsaran Street,,,CHAGUANAS
Gov't Ministries,,Inland Revenue Division,Point Fortin,12-14 Techier,Main Road,,POINT FORTIN
Gov't Ministries,,Inland Revenue Division,Port of Spain,IRD Tower,Government Campus Plaza,"Head Office, 2-4 Ajax Street",PORT OF SPAIN
Gov't Ministries,,Inland Revenue Division,San Fernando,Cipero Street,,,SAN FERNANDO
Gov't Ministries,,Inland Revenue Division,Tunapuna,Administrative Complex,Corner Centenary Street,& Eastern Main Road,TUNAPUNA
Gov't Ministries,,Ministry of Housing and Urban Development,,44-46 South Quay,,,PORT OF SPAIN
Gov't Ministries,,Ministry of Social Development and Family Services,Eleanore Street,Eleanore Street,,,CHAGUANAS
Gov't Ministries,,Ministry of Social Development and Family Services,Henry Street,125 Henry Street,,,PORT OF SPAIN
Gov't Ministries,,Ministry of Social Development and Family Services,St. Vincent Street,55-57 St. Vincent Street,,,PORT OF SPAIN
Gov't Ministries,,Ministry of Social Development and Family Services,St. Vincent Street,39-43 St. Vincent Street,,,PORT OF SPAIN
Gov't Ministries,The Permanent Secretary,Ministry of Education,,St. Vincent Street,,,PORT OF SPAIN
Gov't Ministries,The Permanent Secretary,Ministry of National Security,,Temple Court 1,33 Abercromby Street,,PORT OF SPAIN
Gov't Ministries,The Permanent Secretary,Ministry of Tertiary Education and Skills Training,,Warner Street,,,ST. AUGUSTINE
Insurance,,Sagicor Financial Company,Chaguanas,Corner DeVertueil and Penco Street,,,CHAGUANAS
Insurance,,Sagicor Financial Company,Port of Spain,122 St Vincent Street,,,PORT OF SPAIN
Insurance,,Sagicor Financial Company,San Fernando,Keate Street,,,SAN FERNANDO
Insurance,,The National Insurance Board of Trinidad and Tobago,Arima,National Insurance Board Building,Corner Woodford & Sorzano Street,,ARIMA
Insurance,,The National Insurance Board of Trinidad and Tobago,"Edward Street, Port of Spain",2nd Floor National Insurance Board Building,112 Edward Street,,PORT OF SPAIN
Insurance,,The National Insurance Board of Trinidad and Tobago,"Luis Street, Port of Spain",National Insurance Board Building,4 Luis Street,,PORT OF SPAIN
Insurance,,The National Insurance Board of Trinidad and Tobago,"Queen's Park E, Port of Spain",2nd Floor National Insurance Board Building,14-19 Queen’s Park E,,PORT OF SPAIN
Insurance,,The National Insurance Board of Trinidad and Tobago,San Fernando,National Insurance Board Building,60-620 Lady Hailes Avenue,,SAN FERNANDO
Insurance,,The National Insurance Board of Trinidad and Tobago,Tunapuna,National Insurance Board Building,Eastern Main Road,,TUNAPUNA
Schools,The Manager,Funding and Grants Administration Division,,GATE Department,16 Warner Street,,ST. AUGUSTINE
Schools,The Registrar,Cipriani College of Labour & Co-Operative Studies,,Churchill Roosevelt Highway,,,VALSAYN
Schools,The Senior Assistant Registrar,Office of Graduate Studies and Research,,The University of the West Indies,St Augustine Campus,,ST. AUGUSTINE
Schools,The Senior Assistant Registrar,CTS College/University of Bedfordshire,,120 Southern Main Road Montrose,,,CHAGUANAS
Schools,The Senior Assistant Registrar,SAM Caribbean Limited,,"1,3 & 6 Mc Carthy Street",,,ST. AUGUSTINE
Schools,The Senior Assistant Registrar,SITAL College of Tertiary Education Ltd,,Eastern Main Road,,,TACARIGUA
Schools,,University of The West Indies,,St Augustine Campus,,,ST. AUGUSTINE
Schools,,University of Trinidad and Tobago,Couva,Point Lisas Campus,Esperanza Road,,COUVA
Schools,,University of Trinidad and Tobago,San Fernando,100 Michael Raphael Boulevard,South Park,,SAN FERNANDO
